report_id,work_id,description,photo_filename,timestamp,status
CR-72A42D68,WS/MP334/2024-2025/139896,On-site check reveals incomplete work and missing materials despite full completion status.,5fc40c76f2_1789744402.jpg,2026-09-18T15:13:22.932839+00:00,submitted
CR-FA6F4C15,WS/MP317/2024-2025/145198,Stress test report on site inspection,c75561fab6_1789746052.jpg,2026-09-18T15:40:52.694251+00:00,submitted
CR-94AB3179,NON_EXISTENT_WORK_ID_9999,Reporting on fake project,,2026-09-18T15:40:52.736588+00:00,submitted
CR-7BFC9A62,WS/MP317/2024-2025/145198,,,2026-09-18T15:40:52.764065+00:00,submitted
CR-6D3FC48E,WS/MP317/2024-2025/145198,Report with 0-byte photo,fcdb0b587f_1789746052.jpg,2026-09-18T15:40:52.803987+00:00,submitted
CR-2760A18A,WS/MP317/2024-2025/145198,Stress test report on site inspection,f6254416ff_1789746333.jpg,2026-09-18T15:45:33.434046+00:00,submitted
CR-9A2CAC84,WS/MP317/2024-2025/145198,Report with 0-byte photo,,2026-09-18T15:45:33.544084+00:00,submitted
CR-3589104A,WS/MP317/2024-2025/145098,Checklist verification test grievance,,2026-09-18T15:49:06.696715+00:00,submitted
CR-350505DD,WS/MP334/2024-2025/139888,Final audit verification,,2026-09-20T17:45:41.490636+00:00,submitted
