work_id_a,work_id_b,similarity,state_a,state_b
WS/MP18067/2025-2026/134323,WS/MP18152/2024-2025/137620,0.914,Haryana,Punjab
WS/MP18067/2025-2026/134323,WS/MP18152/2024-2025/140065,0.912,Haryana,Punjab
WS/MP18067/2025-2026/134323,WS/MP18152/2024-2025/141166,0.912,Haryana,Punjab
WS/MP18067/2025-2026/134323,WS/MP18152/2024-2025/141167,0.912,Haryana,Punjab
WS/MP18067/2025-2026/134323,WS/MP18152/2024-2025/141168,0.912,Haryana,Punjab
WS/MP18067/2025-2026/134323,WS/MP18152/2024-2025/141169,0.912,Haryana,Punjab
WS/MP18067/2025-2026/134323,WS/MP18152/2024-2025/141170,0.912,Haryana,Punjab
WS/MP18067/2025-2026/134323,WS/MP18152/2024-2025/141171,0.912,Haryana,Punjab
WS/MP18067/2025-2026/134323,WS/MP18152/2024-2025/141172,0.912,Haryana,Punjab
WS/MP18067/2025-2026/134323,WS/MP18152/2024-2025/141173,0.912,Haryana,Punjab
WS/MP18067/2025-2026/134323,WS/MP18152/2024-2025/141174,0.912,Haryana,Punjab
WS/MP18067/2025-2026/134323,WS/MP18152/2024-2025/141175,0.912,Haryana,Punjab
WS/MP18067/2025-2026/134323,WS/MP18152/2024-2025/141176,0.912,Haryana,Punjab
WS/MP18067/2025-2026/134323,WS/MP18152/2024-2025/141177,0.912,Haryana,Punjab
WS/MP18067/2025-2026/134323,WS/MP18152/2024-2025/141178,0.912,Haryana,Punjab
WS/MP18067/2025-2026/134323,WS/MP18152/2024-2025/141179,0.912,Haryana,Punjab
WS/MP18067/2025-2026/134323,WS/MP18152/2024-2025/141180,0.912,Haryana,Punjab
WS/MP18067/2025-2026/134323,WS/MP18152/2024-2025/141181,0.912,Haryana,Punjab
WS/MP18067/2025-2026/134323,WS/MP18152/2024-2025/141182,0.912,Haryana,Punjab
WS/MP18067/2025-2026/134323,WS/MP18152/2025-2026/141185,0.854,Haryana,Punjab
WS/MP18067/2025-2026/134323,WS/MP18152/2024-2025/141193,0.912,Haryana,Punjab
WS/MP485/2024-2025/134330,WS/MP18236/2024-2025/138942,0.86,West Bengal,Uttar Pradesh
WS/MP18278/2024-2025/134631,WS/MP479/2024-2025/138334,1.0,Chhattisgarh,West Bengal
WS/MP826/2024-2025/135570,WS/MP334/2024-2025/139341,0.862,West Bengal,Jharkhand
WS/MP826/2025-2026/135684,WS/MP334/2024-2025/139490,0.859,West Bengal,Jharkhand
WS/MP826/2025-2026/135684,WS/MP334/2024-2025/139888,0.854,West Bengal,Jharkhand
WS/MP826/2025-2026/135684,WS/MP334/2024-2025/139891,0.855,West Bengal,Jharkhand
WS/MP826/2025-2026/135684,WS/MP334/2024-2025/139896,0.859,West Bengal,Jharkhand
WS/MP826/2025-2026/135684,WS/MP334/2024-2025/143402,0.852,West Bengal,Jharkhand
WS/MP826/2024-2025/135687,WS/MP334/2024-2025/139897,0.857,West Bengal,Jharkhand
WS/MP826/2024-2025/135687,WS/MP334/2024-2025/139916,0.851,West Bengal,Jharkhand
WS/MP826/2024-2025/135688,WS/MP334/2024-2025/139182,0.866,West Bengal,Jharkhand
WS/MP826/2024-2025/135688,WS/MP334/2024-2025/139215,0.86,West Bengal,Jharkhand
WS/MP826/2024-2025/135688,WS/MP334/2024-2025/139255,0.861,West Bengal,Jharkhand
WS/MP826/2024-2025/135688,WS/MP334/2024-2025/139369,0.85,West Bengal,Jharkhand
WS/MP826/2024-2025/135688,WS/MP334/2024-2025/139490,0.874,West Bengal,Jharkhand
WS/MP826/2024-2025/135688,WS/MP334/2024-2025/139491,0.859,West Bengal,Jharkhand
WS/MP826/2024-2025/135688,WS/MP334/2024-2025/139872,0.867,West Bengal,Jharkhand
WS/MP826/2024-2025/135688,WS/MP334/2024-2025/139873,0.869,West Bengal,Jharkhand
WS/MP826/2024-2025/135688,WS/MP334/2024-2025/139874,0.876,West Bengal,Jharkhand
WS/MP826/2024-2025/135688,WS/MP334/2024-2025/139875,0.859,West Bengal,Jharkhand
WS/MP826/2024-2025/135688,WS/MP334/2024-2025/139880,0.859,West Bengal,Jharkhand
WS/MP826/2024-2025/135688,WS/MP334/2024-2025/139888,0.889,West Bengal,Jharkhand
WS/MP826/2024-2025/135688,WS/MP334/2024-2025/139889,0.854,West Bengal,Jharkhand
WS/MP826/2024-2025/135688,WS/MP334/2024-2025/139891,0.862,West Bengal,Jharkhand
WS/MP826/2024-2025/135688,WS/MP334/2024-2025/139895,0.854,West Bengal,Jharkhand
WS/MP826/2024-2025/135688,WS/MP334/2024-2025/139896,0.889,West Bengal,Jharkhand
WS/MP826/2024-2025/135688,WS/MP334/2024-2025/139897,0.857,West Bengal,Jharkhand
WS/MP826/2024-2025/135688,WS/MP334/2024-2025/139903,0.86,West Bengal,Jharkhand
WS/MP826/2024-2025/135688,WS/MP334/2024-2025/139910,0.856,West Bengal,Jharkhand
WS/MP826/2024-2025/135688,WS/MP334/2024-2025/139916,0.854,West Bengal,Jharkhand
WS/MP826/2024-2025/135688,WS/MP334/2024-2025/140555,0.858,West Bengal,Jharkhand
WS/MP826/2024-2025/135688,WS/MP334/2024-2025/140558,0.85,West Bengal,Jharkhand
WS/MP826/2024-2025/135688,WS/MP334/2024-2025/140596,0.854,West Bengal,Jharkhand
WS/MP826/2024-2025/135688,WS/MP334/2024-2025/141469,0.871,West Bengal,Jharkhand
WS/MP826/2024-2025/135688,WS/MP334/2024-2025/141473,0.861,West Bengal,Jharkhand
WS/MP826/2024-2025/135688,WS/MP334/2024-2025/143364,0.857,West Bengal,Jharkhand
WS/MP826/2024-2025/135688,WS/MP334/2024-2025/143384,0.856,West Bengal,Jharkhand
WS/MP826/2024-2025/135688,WS/MP334/2024-2025/143391,0.876,West Bengal,Jharkhand
WS/MP826/2024-2025/135688,WS/MP334/2024-2025/143392,0.866,West Bengal,Jharkhand
WS/MP826/2024-2025/135688,WS/MP334/2024-2025/143401,0.873,West Bengal,Jharkhand
WS/MP826/2024-2025/135688,WS/MP334/2024-2025/143402,0.88,West Bengal,Jharkhand
WS/MP826/2024-2025/135688,WS/MP334/2024-2025/143404,0.856,West Bengal,Jharkhand
WS/MP826/2024-2025/135688,WS/MP334/2024-2025/143406,0.855,West Bengal,Jharkhand
WS/MP826/2024-2025/135688,WS/MP334/2024-2025/143407,0.857,West Bengal,Jharkhand
WS/MP826/2024-2025/135688,WS/MP334/2024-2025/144859,0.859,West Bengal,Jharkhand
WS/MP826/2024-2025/135688,WS/MP334/2024-2025/144861,0.858,West Bengal,Jharkhand
WS/MP826/2024-2025/135688,WS/MP334/2024-2025/144866,0.861,West Bengal,Jharkhand
WS/MP826/2024-2025/135690,WS/MP334/2024-2025/139182,0.857,West Bengal,Jharkhand
WS/MP826/2024-2025/135690,WS/MP334/2024-2025/139255,0.872,West Bengal,Jharkhand
WS/MP826/2024-2025/135690,WS/MP334/2024-2025/139287,0.858,West Bengal,Jharkhand
WS/MP826/2024-2025/135690,WS/MP334/2024-2025/139479,0.85,West Bengal,Jharkhand
WS/MP826/2024-2025/135690,WS/MP334/2024-2025/139872,0.854,West Bengal,Jharkhand
WS/MP826/2024-2025/135690,WS/MP334/2024-2025/139873,0.858,West Bengal,Jharkhand
WS/MP826/2024-2025/135690,WS/MP334/2024-2025/139874,0.872,West Bengal,Jharkhand
WS/MP826/2024-2025/135690,WS/MP334/2024-2025/139875,0.856,West Bengal,Jharkhand
WS/MP826/2024-2025/135690,WS/MP334/2024-2025/139880,0.86,West Bengal,Jharkhand
WS/MP826/2024-2025/135690,WS/MP334/2024-2025/139888,0.862,West Bengal,Jharkhand
WS/MP826/2024-2025/135690,WS/MP334/2024-2025/139891,0.869,West Bengal,Jharkhand
WS/MP826/2024-2025/135690,WS/MP334/2024-2025/139894,0.853,West Bengal,Jharkhand
WS/MP826/2024-2025/135690,WS/MP334/2024-2025/139895,0.869,West Bengal,Jharkhand
WS/MP826/2024-2025/135690,WS/MP334/2024-2025/139896,0.871,West Bengal,Jharkhand
WS/MP826/2024-2025/135690,WS/MP334/2024-2025/139897,0.883,West Bengal,Jharkhand
WS/MP826/2024-2025/135690,WS/MP334/2024-2025/139903,0.868,West Bengal,Jharkhand
WS/MP826/2024-2025/135690,WS/MP334/2024-2025/139908,0.856,West Bengal,Jharkhand
WS/MP826/2024-2025/135690,WS/MP334/2024-2025/139909,0.859,West Bengal,Jharkhand
WS/MP826/2024-2025/135690,WS/MP334/2024-2025/139910,0.861,West Bengal,Jharkhand
WS/MP826/2024-2025/135690,WS/MP334/2024-2025/139916,0.865,West Bengal,Jharkhand
WS/MP826/2024-2025/135690,WS/MP334/2024-2025/140479,0.865,West Bengal,Jharkhand
WS/MP826/2024-2025/135690,WS/MP334/2024-2025/140596,0.856,West Bengal,Jharkhand
WS/MP826/2024-2025/135690,WS/MP334/2024-2025/141469,0.876,West Bengal,Jharkhand
WS/MP826/2024-2025/135690,WS/MP334/2024-2025/141473,0.873,West Bengal,Jharkhand
WS/MP826/2024-2025/135690,WS/MP334/2024-2025/143364,0.86,West Bengal,Jharkhand
WS/MP826/2024-2025/135690,WS/MP334/2024-2025/143391,0.872,West Bengal,Jharkhand
WS/MP826/2024-2025/135690,WS/MP334/2024-2025/143392,0.863,West Bengal,Jharkhand
WS/MP826/2024-2025/135690,WS/MP334/2024-2025/143401,0.879,West Bengal,Jharkhand
WS/MP826/2024-2025/135690,WS/MP334/2024-2025/143402,0.877,West Bengal,Jharkhand
WS/MP826/2024-2025/135690,WS/MP334/2024-2025/143404,0.861,West Bengal,Jharkhand
WS/MP826/2024-2025/135690,WS/MP334/2024-2025/143406,0.879,West Bengal,Jharkhand
WS/MP826/2024-2025/135690,WS/MP334/2024-2025/143407,0.85,West Bengal,Jharkhand
WS/MP826/2024-2025/135690,WS/MP334/2024-2025/144858,0.851,West Bengal,Jharkhand
WS/MP826/2024-2025/135690,WS/MP334/2024-2025/144866,0.853,West Bengal,Jharkhand
WS/MP826/2024-2025/135700,WS/MP334/2024-2025/140479,0.851,West Bengal,Jharkhand
WS/MP826/2024-2025/135700,WS/MP334/2024-2025/143406,0.854,West Bengal,Jharkhand
WS/MP18199/2024-2025/135924,WS/MP18101/2024-2025/142502,0.85,Uttar Pradesh,Madhya Pradesh
WS/MP18032/2024-2025/137001,WS/MP479/2024-2025/138670,0.856,Bihar,West Bengal
WS/MP18032/2024-2025/137001,WS/MP761/2024-2025/144938,0.856,Bihar,Telangana
WS/MP18032/2024-2025/137001,WS/MP761/2024-2025/144956,0.856,Bihar,Telangana
WS/MP494/2024-2025/137029,WS/MP18253/2024-2025/140133,0.867,Uttar Pradesh,West Bengal
WS/MP465/2024-2025/137489,WS/MP18172/2024-2025/141763,0.855,Uttar Pradesh,Rajasthan
WS/MP465/2024-2025/137490,WS/MP18172/2024-2025/141763,0.879,Uttar Pradesh,Rajasthan
WS/MP465/2024-2025/137491,WS/MP18172/2024-2025/141763,0.879,Uttar Pradesh,Rajasthan
WS/MP465/2024-2025/137493,WS/MP18172/2024-2025/141763,0.864,Uttar Pradesh,Rajasthan
WS/MP465/2024-2025/137496,WS/MP18172/2024-2025/141763,0.883,Uttar Pradesh,Rajasthan
WS/MP18278/2024-2025/137692,WS/MP18101/2024-2025/142502,0.85,Chhattisgarh,Madhya Pradesh
WS/MP356/2024-2025/137822,WS/MP317/2024-2025/145198,0.855,Madhya Pradesh,Bihar
WS/MP356/2024-2025/137823,WS/MP317/2024-2025/145198,0.855,Madhya Pradesh,Bihar
WS/MP356/2024-2025/137824,WS/MP317/2024-2025/145198,0.855,Madhya Pradesh,Bihar
WS/MP356/2024-2025/137825,WS/MP317/2024-2025/145198,0.855,Madhya Pradesh,Bihar
WS/MP356/2024-2025/137826,WS/MP317/2024-2025/145198,0.855,Madhya Pradesh,Bihar
WS/MP356/2024-2025/137827,WS/MP317/2024-2025/145198,0.855,Madhya Pradesh,Bihar
WS/MP356/2024-2025/137830,WS/MP317/2024-2025/145098,0.855,Madhya Pradesh,Bihar
WS/MP356/2024-2025/137864,WS/MP317/2024-2025/145098,0.942,Madhya Pradesh,Bihar
WS/MP356/2024-2025/137864,WS/MP317/2024-2025/145198,0.907,Madhya Pradesh,Bihar
WS/MP345/2024-2025/138113,WS/MP743/2024-2025/142091,0.865,Kerala,Tamil Nadu
WS/MP345/2024-2025/138113,WS/MP743/2025-2026/142093,0.853,Kerala,Tamil Nadu
WS/MP479/2024-2025/138670,WS/MP761/2024-2025/144938,1.0,West Bengal,Telangana
WS/MP479/2024-2025/138670,WS/MP761/2024-2025/144956,1.0,West Bengal,Telangana
WS/MP18391/2024-2025/140318,WS/MP18155/2024-2025/141711,0.866,Nagaland,Punjab
WS/MP18391/2024-2025/140323,WS/MP18155/2024-2025/141711,0.866,Nagaland,Punjab
WS/MP18391/2024-2025/140325,WS/MP18155/2024-2025/141711,0.866,Nagaland,Punjab
WS/MP429/2024-2025/140682,WS/MP716/2024-2025/142657,0.855,Chhattisgarh,Punjab
WS/MP429/2024-2025/140683,WS/MP716/2024-2025/142657,0.861,Chhattisgarh,Punjab
WS/MP429/2024-2025/140684,WS/MP716/2024-2025/142657,0.88,Chhattisgarh,Punjab
WS/MP429/2024-2025/140685,WS/MP716/2024-2025/142657,0.862,Chhattisgarh,Punjab
WS/MP429/2024-2025/140687,WS/MP716/2024-2025/142657,0.895,Chhattisgarh,Punjab
