work_id,cost_risk_score,is_cost_outlier,cost_zscore,nlp_similarity_score,similar_project,similar_state,satellite_risk_score,satellite_status,risk_score_orphan,citizen_report_count,feedback_status
WS/MP334/2024-2025/139896,44.1,True,-1.1067715489040468,88.9,WS/MP826/2024-2025/135688,,,no_imagery,86.5,1,confirmed_issue
WS/MP334/2024-2025/139888,44.1,True,-1.1067715489040468,88.9,WS/MP826/2024-2025/135688,,,no_imagery,81.5,1,
WS/MP317/2024-2025/145098,88.6,True,7.140568492385734,94.2,WS/MP356/2024-2025/137864,,100.0,not_visible,75.0,1,false_positive
WS/MP317/2024-2025/145198,88.6,True,7.140568492385734,90.7,WS/MP356/2024-2025/137864,,100.0,not_visible,75.0,5,false_positive
WS/MP334/2024-2025/139897,44.1,True,-1.1067715489040468,88.3,WS/MP826/2024-2025/135690,,,no_imagery,66.2,0,
WS/MP334/2024-2025/139490,44.1,True,-1.1067715489040468,87.4,WS/MP826/2024-2025/135688,,,no_imagery,65.8,0,
WS/MP334/2024-2025/139874,44.1,True,-1.1067715489040468,87.6,WS/MP826/2024-2025/135688,,,no_imagery,65.8,0,
WS/MP334/2024-2025/139255,44.1,True,-1.1067715489040468,87.2,WS/MP826/2024-2025/135690,,,no_imagery,65.6,0,
WS/MP334/2024-2025/139873,44.1,True,-1.1067715489040468,86.9,WS/MP826/2024-2025/135688,,,no_imagery,65.5,0,
WS/MP334/2024-2025/139891,44.1,True,-1.1067715489040468,86.9,WS/MP826/2024-2025/135690,,,no_imagery,65.5,0,
WS/MP334/2024-2025/139895,44.1,True,-1.1067715489040468,86.9,WS/MP826/2024-2025/135690,,,no_imagery,65.5,0,
WS/MP334/2024-2025/139872,44.1,True,-1.1067715489040468,86.7,WS/MP826/2024-2025/135688,,,no_imagery,65.4,0,
WS/MP334/2024-2025/139903,44.1,True,-1.1067715489040468,86.8,WS/MP826/2024-2025/135690,,,no_imagery,65.4,0,
WS/MP334/2024-2025/139182,44.1,True,-1.1067715489040468,86.6,WS/MP826/2024-2025/135688,,,no_imagery,65.4,0,
WS/MP334/2024-2025/139916,44.1,True,-1.1067715489040468,86.5,WS/MP826/2024-2025/135690,,,no_imagery,65.3,0,
WS/MP334/2024-2025/139341,44.1,True,-1.1067715489040468,86.2,WS/MP826/2024-2025/135570,,,no_imagery,65.2,0,
WS/MP334/2024-2025/139910,44.1,True,-1.1067715489040468,86.1,WS/MP826/2024-2025/135690,,,no_imagery,65.1,0,
WS/MP334/2024-2025/139880,44.1,True,-1.1067715489040468,86.0,WS/MP826/2024-2025/135690,,,no_imagery,65.0,0,
WS/MP334/2024-2025/139287,44.1,True,-1.1067715489040468,85.8,WS/MP826/2024-2025/135690,,,no_imagery,65.0,0,
WS/MP334/2024-2025/139215,44.1,True,-1.1067715489040468,86.0,WS/MP826/2024-2025/135688,,,no_imagery,65.0,0,
WS/MP334/2024-2025/139909,44.1,True,-1.1067715489040468,85.9,WS/MP826/2024-2025/135690,,,no_imagery,65.0,0,
WS/MP334/2024-2025/139491,44.1,True,-1.1067715489040468,85.9,WS/MP826/2024-2025/135688,,,no_imagery,65.0,0,
WS/MP334/2024-2025/139875,44.1,True,-1.1067715489040468,85.9,WS/MP826/2024-2025/135688,,,no_imagery,65.0,0,
WS/MP334/2024-2025/139908,44.1,True,-1.1067715489040468,85.6,WS/MP826/2024-2025/135690,,,no_imagery,64.8,0,
WS/MP334/2024-2025/139889,44.1,True,-1.1067715489040468,85.4,WS/MP826/2024-2025/135688,,,no_imagery,64.8,0,
WS/MP334/2024-2025/139894,44.1,True,-1.1067715489040468,85.3,WS/MP826/2024-2025/135690,,,no_imagery,64.7,0,
WS/MP334/2024-2025/139369,44.1,True,-1.1067715489040468,85.0,WS/MP826/2024-2025/135688,,,no_imagery,64.6,0,
WS/MP334/2024-2025/139479,44.1,True,-1.1067715489040468,85.0,WS/MP826/2024-2025/135690,,,no_imagery,64.6,0,
WS/MP334/2024-2025/143407,41.8,True,-1.0415069714658183,85.7,WS/MP826/2024-2025/135688,,,no_imagery,63.8,0,
WS/MP465/2024-2025/137489,40.4,True,0.9914659318055216,85.5,WS/MP18172/2024-2025/141763,,,no_imagery,63.0,0,
WS/MP334/2024-2025/143402,38.0,True,-0.9762423940275898,88.0,WS/MP826/2024-2025/135688,,,no_imagery,63.0,0,
WS/MP334/2024-2025/143401,38.0,True,-0.9762423940275898,87.9,WS/MP826/2024-2025/135690,,,no_imagery,63.0,0,
WS/MP18391/2024-2025/140323,36.6,True,-0.22139470388280016,86.6,WS/MP18155/2024-2025/141711,,,no_imagery,61.6,0,
WS/MP334/2024-2025/143406,32.7,True,-0.9109778165893613,87.9,WS/MP826/2024-2025/135690,,,no_imagery,60.3,0,
WS/MP334/2024-2025/143391,32.7,True,-0.9109778165893613,87.6,WS/MP826/2024-2025/135688,,,no_imagery,60.2,0,
WS/MP334/2024-2025/143404,32.7,True,-0.9109778165893613,86.1,WS/MP826/2024-2025/135690,,,no_imagery,59.4,0,
WS/MP743/2025-2026/142093,31.2,True,0.525714001978504,85.3,WS/MP345/2024-2025/138113,,,no_imagery,58.2,0,
WS/MP334/2024-2025/143392,29.3,True,-0.8457132391511328,86.6,WS/MP826/2024-2025/135688,,,no_imagery,58.0,0,
WS/MP743/2024-2025/142091,29.3,True,0.44995380383082445,86.5,WS/MP345/2024-2025/138113,,,no_imagery,57.9,0,
WS/MP334/2024-2025/143364,29.3,True,-0.8457132391511328,86.0,WS/MP826/2024-2025/135690,,,no_imagery,57.6,0,
WS/MP18391/2024-2025/140318,28.5,True,-0.38969987228223407,86.6,WS/MP18155/2024-2025/141711,,,no_imagery,57.6,0,
WS/MP334/2024-2025/143384,29.3,True,-0.8457132391511328,85.6,WS/MP826/2024-2025/135688,,,no_imagery,57.4,0,
WS/MP465/2024-2025/137491,25.5,True,0.45274031982360946,87.9,WS/MP18172/2024-2025/141763,,,no_imagery,56.7,0,
WS/MP345/2024-2025/138113,24.5,True,0.5379793201955282,86.5,WS/MP743/2024-2025/142091,,,no_imagery,55.5,0,
WS/MP761/2024-2025/144938,9.9,True,0.0306697518325127,100.0,WS/MP479/2024-2025/138670,,,no_imagery,55.0,0,
WS/MP18101/2024-2025/142502,24.4,True,0.8600013205470818,85.0,WS/MP18199/2024-2025/135924,,,no_imagery,54.7,0,
WS/MP465/2024-2025/137490,21.4,True,0.36817626092862893,87.9,WS/MP18172/2024-2025/141763,,,no_imagery,54.6,0,
WS/MP761/2024-2025/144956,9.0,True,0.15150520451937013,100.0,WS/MP479/2024-2025/138670,,,no_imagery,54.5,0,
WS/MP479/2024-2025/138670,4.9,True,-0.1416865343454868,100.0,WS/MP761/2024-2025/144938,,,no_imagery,52.4,0,
WS/MP18152/2025-2026/141185,18.4,True,0.3276396917843842,85.4,WS/MP18067/2025-2026/134323,,,no_imagery,51.9,0,
WS/MP465/2024-2025/137493,17.0,True,0.3021549073977855,86.4,WS/MP18172/2024-2025/141763,,,no_imagery,51.7,0,
WS/MP18391/2024-2025/140325,16.7,True,-0.5099178497104011,86.6,WS/MP18155/2024-2025/141711,,,no_imagery,51.6,0,
WS/MP18278/2024-2025/134631,2.8,True,-0.08476274608977598,100.0,WS/MP479/2024-2025/138334,,,no_imagery,51.4,0,
WS/MP479/2024-2025/138334,2.4,True,-0.12246939945641158,100.0,WS/MP18278/2024-2025/134631,,,no_imagery,51.2,0,
WS/MP18067/2025-2026/134323,10.7,True,-0.48612506347515333,91.4,WS/MP18152/2024-2025/137620,,,no_imagery,51.1,0,
WS/MP18199/2024-2025/135924,16.8,True,0.28923822741117633,85.0,WS/MP18101/2024-2025/142502,,,no_imagery,50.9,0,
WS/MP334/2024-2025/140558,16.8,True,-0.6499195068364473,85.0,WS/MP826/2024-2025/135688,,,no_imagery,50.9,0,
WS/MP465/2024-2025/137496,13.3,True,0.16291093893469585,88.3,WS/MP18172/2024-2025/141763,,,no_imagery,50.8,0,
WS/MP18278/2024-2025/137692,16.3,True,0.5374179622461263,85.0,WS/MP18101/2024-2025/142502,,,no_imagery,50.6,0,
WS/MP18172/2024-2025/141763,12.4,True,-0.23118244876691954,88.3,WS/MP465/2024-2025/137496,,,no_imagery,50.4,0,
WS/MP218/2024-2025/171165,100.0,True,26.137787559849908,0.0,,,,no_imagery,50.0,0,
WS/MP220/2024-2025/171199,100.0,True,28.489418351276786,0.0,,,,no_imagery,50.0,0,
WS/MP893/2024-2025/171163,100.0,True,28.097479886038975,0.0,,,,no_imagery,50.0,0,
WS/MP134/2025-2026/239327,99.8,True,49.33937218445331,0.0,,,,no_imagery,49.9,0,
WS/MP092/2026-2027/275442,99.7,True,27.960370670849446,0.0,,,,no_imagery,49.8,0,
WS/MP162/2023-2024/65656,99.7,True,29.17944282227432,0.0,,,,no_imagery,49.8,0,
WS/MP492/2025-2026/194809,99.7,True,25.22290153899667,0.0,,,,no_imagery,49.8,0,
WS/MP190/2025-2026/191376,99.7,True,22.895485524799696,0.0,,,,no_imagery,49.8,0,
WS/MP195/2025-2026/254630,99.7,True,23.121004155038985,0.0,,,,no_imagery,49.8,0,
WS/MP507/2025-2026/196288,99.7,True,29.93331570983336,0.0,,,,no_imagery,49.8,0,
WS/MP18299/2024-2025/171164,99.5,True,18.88692595295036,0.0,,,,no_imagery,49.8,0,
WS/MP094/2025-2026/178989,99.4,True,25.433593403489457,0.0,,,,no_imagery,49.7,0,
WS/MP217/2024-2025/171179,99.4,True,17.259597445282957,0.0,,,,no_imagery,49.7,0,
WS/MP168/2026-2027/258872,99.4,True,40.08882144797227,0.0,,,,no_imagery,49.7,0,
WS/MP234/2025-2026/231145,99.4,True,25.544627873625625,0.0,,,,no_imagery,49.7,0,
WS/MP176/2024-2025/149419,99.4,True,36.63351923560766,0.0,,,,no_imagery,49.7,0,
WS/MP892/2025-2026/141884,99.3,True,25.065218087839003,0.0,,,,no_imagery,49.6,0,
WS/MP892/2025-2026/141882,99.3,True,25.065218087839003,0.0,,,,no_imagery,49.6,0,
WS/MP892/2025-2026/141881,99.3,True,25.065218087839003,0.0,,,,no_imagery,49.6,0,
WS/MP187/2025-2026/194547,99.2,True,18.706136699245146,0.0,,,,no_imagery,49.6,0,
WS/MP092/2024-2025/141524,99.3,True,20.150855373921903,0.0,,,,no_imagery,49.6,0,
WS/MP892/2025-2026/141883,99.3,True,25.065218087839003,0.0,,,,no_imagery,49.6,0,
WS/MP190/2024-2025/135992,99.2,True,19.792264172537067,0.0,,,,no_imagery,49.6,0,
WS/MP104/2025-2026/218146,99.3,True,31.134360270850937,0.0,,,,no_imagery,49.6,0,
WS/MP103/2025-2026/232298,99.3,True,23.64543989893367,0.0,,,,no_imagery,49.6,0,
WS/MP203/2025-2026/194799,99.0,True,15.096055859446292,0.0,,,,no_imagery,49.5,0,
WS/MP880/2025-2026/211190,99.0,True,15.594258109837275,0.0,,,,no_imagery,49.5,0,
WS/MP18368/2026-2027/296403,99.0,True,14.337490640004315,0.0,,,,no_imagery,49.5,0,
WS/MP18242/2025-2026/216762,99.0,True,15.355295523190586,0.0,,,,no_imagery,49.5,0,
WS/MP190/2026-2027/282964,99.0,True,15.558857266055336,0.0,,,,no_imagery,49.5,0,
WS/MP203/2026-2027/284964,99.0,True,17.826890649437402,0.0,,,,no_imagery,49.5,0,
WS/MP18368/2025-2026/241282,99.0,True,17.826890649437402,0.0,,,,no_imagery,49.5,0,
WS/MP507/2024-2025/170558,99.0,True,17.69830490542122,0.0,,,,no_imagery,49.5,0,
WS/MP188/2025-2026/180182,99.0,True,15.83980734733014,0.0,,,,no_imagery,49.5,0,
WS/MP094/2025-2026/178990,98.8,True,15.549908898890786,0.0,,,,no_imagery,49.4,0,
WS/MP166/2024-2025/178253,98.8,True,15.606721535505315,0.0,,,,no_imagery,49.4,0,
WS/MP892/2025-2026/196877,98.7,True,21.267545592740937,0.0,,,,no_imagery,49.4,0,
WS/MP18174/2025-2026/184631,98.8,True,14.27149996337661,0.0,,,,no_imagery,49.4,0,
WS/MP165/2023-2024/96112,98.8,True,14.27149996337661,0.0,,,,no_imagery,49.4,0,
WS/MP113/2026-2027/225159,98.8,True,17.870770324317636,0.0,,,,no_imagery,49.4,0,
WS/MP235/2025-2026/205908,98.8,True,18.01097143104274,0.0,,,,no_imagery,49.4,0,
WS/MP235/2025-2026/237804,98.8,True,17.838807402627772,0.0,,,,no_imagery,49.4,0,
WS/MP18032/2024-2025/137001,13.2,True,-0.14216432965400103,85.6,WS/MP479/2024-2025/138670,,,no_imagery,49.4,0,
WS/MP817/2025-2026/229416,98.3,True,13.75247594804073,0.0,,,,no_imagery,49.2,0,
WS/MP18363/2025-2026/253468,97.9,True,12.470422974464231,0.0,,,,no_imagery,49.0,0,
WS/MP102/2024-2025/143819,97.9,True,12.758201521276074,0.0,,,,no_imagery,49.0,0,
WS/MP507/2025-2026/180315,97.9,True,12.585918213186043,0.0,,,,no_imagery,49.0,0,
WS/MP18233/2025-2026/180308,97.9,True,12.780899485159495,0.0,,,,no_imagery,49.0,0,
WS/MP188/2026-2027/179557,97.9,True,12.349002587490679,0.0,,,,no_imagery,49.0,0,
WS/MP187/2026-2027/283439,97.9,True,12.849476845907025,0.0,,,,no_imagery,49.0,0,
WS/MP18201/2025-2026/194865,97.9,True,13.049717631106525,0.0,,,,no_imagery,49.0,0,
WS/MP18421/2025-2026/248277,97.9,True,12.438152250096762,0.0,,,,no_imagery,49.0,0,
WS/MP18421/2026-2027/290263,97.9,True,12.405881525729292,0.0,,,,no_imagery,49.0,0,
WS/MP235/2025-2026/237803,97.9,True,13.682254406811916,0.0,,,,no_imagery,49.0,0,
WS/MP844/2024-2025/127389,98.0,True,13.796350417085156,0.0,,,,no_imagery,49.0,0,
WS/MP817/2025-2026/229418,97.9,True,12.23042888273447,0.0,,,,no_imagery,49.0,0,
WS/MP092/2026-2027/305015,97.9,True,12.470422974464231,0.0,,,,no_imagery,49.0,0,
WS/MP092/2026-2027/305016,97.9,True,12.470422974464231,0.0,,,,no_imagery,49.0,0,
WS/MP18325/2025-2026/228446,97.8,True,15.363608253343106,0.0,,,,no_imagery,48.9,0,
WS/MP18325/2025-2026/228447,97.8,True,15.363608253343106,0.0,,,,no_imagery,48.9,0,
WS/MP095/2025-2026/243541,97.7,True,12.428745371122787,0.0,,,,no_imagery,48.8,0,
WS/MP839/2025-2026/191381,97.6,True,12.007560690777453,0.0,,,,no_imagery,48.8,0,
WS/MP099/2024-2025/132664,97.7,True,12.428745371122787,0.0,,,,no_imagery,48.8,0,
WS/MP198/2024-2025/158166,97.1,True,10.46343868168333,0.0,,,,no_imagery,48.6,0,
WS/MP198/2025-2026/208989,97.1,True,10.463421441564707,0.0,,,,no_imagery,48.6,0,
WS/MP18368/2024-2025/147850,97.1,True,11.14205317026944,0.0,,,,no_imagery,48.6,0,
WS/MP839/2024-2025/147849,97.1,True,11.232933603989839,0.0,,,,no_imagery,48.6,0,
WS/MP196/2025-2026/201325,97.1,True,9.68343122433388,0.0,,,,no_imagery,48.6,0,
WS/MP201/2024-2025/155278,97.1,True,11.252658747606947,0.0,,,,no_imagery,48.6,0,
WS/MP18363/2024-2025/147448,97.1,True,10.242452164134157,0.0,,,,no_imagery,48.6,0,
WS/MP198/2025-2026/204743,97.1,True,10.463421441564707,0.0,,,,no_imagery,48.6,0,
WS/MP18198/2025-2026/214766,97.1,True,10.321053819016171,0.0,,,,no_imagery,48.6,0,
WS/MP839/2024-2025/134187,97.1,True,10.911576118007444,0.0,,,,no_imagery,48.6,0,
WS/MP190/2024-2025/144137,97.1,True,10.948083318588578,0.0,,,,no_imagery,48.6,0,
WS/MP201/2025-2026/162408,97.1,True,11.781355718733174,0.0,,,,no_imagery,48.6,0,
WS/MP844/2024-2025/152844,97.2,True,12.23029989447392,0.0,,,,no_imagery,48.6,0,
WS/MP18368/2024-2025/176174,97.1,True,10.176108479471939,0.0,,,,no_imagery,48.6,0,
WS/MP459/2025-2026/195871,97.1,True,11.28328562394224,0.0,,,,no_imagery,48.6,0,
WS/MP18368/2025-2026/211538,97.1,True,11.606655850013203,0.0,,,,no_imagery,48.6,0,
WS/MP18070/2025-2026/201278,97.1,True,10.953301118511922,0.0,,,,no_imagery,48.6,0,
WS/MP131/2023-2024/92625,96.9,True,12.176940432570671,0.0,,,,no_imagery,48.4,0,
WS/MP585/2025-2026/178906,96.7,True,13.083123645884713,0.0,,,,no_imagery,48.4,0,
WS/MP18192/2025-2026/196895,96.9,True,13.248480907916134,0.0,,,,no_imagery,48.4,0,
WS/MP18309/2024-2025/155216,96.9,True,12.802200621617748,0.0,,,,no_imagery,48.4,0,
WS/MP18192/2025-2026/198279,96.9,True,13.248480907916134,0.0,,,,no_imagery,48.4,0,
WS/MP18192/2025-2026/204089,96.9,True,13.248480907916134,0.0,,,,no_imagery,48.4,0,
WS/MP18309/2024-2025/155212,96.9,True,12.802200621617748,0.0,,,,no_imagery,48.4,0,
WS/MP162/2026-2027/282944,96.9,True,10.536232039083647,0.0,,,,no_imagery,48.4,0,
WS/MP163/2026-2027/70361,96.7,True,10.237410605140209,0.0,,,,no_imagery,48.4,0,
WS/MP18435/2026-2027/255473,96.9,True,10.536232039083647,0.0,,,,no_imagery,48.4,0,
WS/MP095/2025-2026/243539,96.5,True,11.561755502298341,0.0,,,,no_imagery,48.2,0,
WS/MP195/2026-2027/299885,96.5,True,9.361992405209902,0.0,,,,no_imagery,48.2,0,
WS/MP201/2023-2024/61648,96.5,True,9.280899995387403,0.0,,,,no_imagery,48.2,0,
WS/MP187/2024-2025/145576,96.2,True,9.198530539740926,0.0,,,,no_imagery,48.1,0,
WS/MP134/2025-2026/232164,96.1,True,10.77079436628322,0.0,,,,no_imagery,48.0,0,
WS/MP141/2025-2026/210474,96.1,True,10.905552337350747,0.0,,,,no_imagery,48.0,0,
WS/MP201/2023-2024/73283,95.9,True,9.150309289427577,0.0,,,,no_imagery,48.0,0,
WS/MP134/2025-2026/239492,96.1,True,9.665965314200223,0.0,,,,no_imagery,48.0,0,
WS/MP334/2024-2025/141469,8.4,True,-0.5193903519599903,87.6,WS/MP826/2024-2025/135690,,,no_imagery,48.0,0,
WS/MP18001/2024-2025/163131,96.1,True,11.024929435272941,0.0,,,,no_imagery,48.0,0,
WS/MP032/2025-2026/200857,95.7,True,9.416403998646386,0.0,,,,no_imagery,47.8,0,
WS/MP18428/2025-2026/234748,95.7,True,9.416403998646386,0.0,,,,no_imagery,47.8,0,
WS/MP18430/2025-2026/244639,95.7,True,9.416403998646386,0.0,,,,no_imagery,47.8,0,
WS/MP672/2025-2026/226219,95.7,True,9.432595184623294,0.0,,,,no_imagery,47.8,0,
WS/MP18363/2025-2026/253465,95.5,True,8.762516744642019,0.0,,,,no_imagery,47.8,0,
WS/MP334/2024-2025/141473,8.4,True,-0.5193903519599903,87.3,WS/MP826/2024-2025/135690,,,no_imagery,47.8,0,
WS/MP203/2023-2024/10748,95.6,True,8.898601641953094,0.0,,,,no_imagery,47.8,0,
WS/MP113/2025-2026/174294,95.7,True,9.432937936217801,0.0,,,,no_imagery,47.8,0,
WS/MP198/2024-2025/135729,95.4,True,8.656424587462947,0.0,,,,no_imagery,47.7,0,
WS/MP843/2025-2026/259140,95.1,True,9.01496201020867,0.0,,,,no_imagery,47.6,0,
WS/MP234/2025-2026/269867,95.1,True,9.016639364928182,0.0,,,,no_imagery,47.6,0,
WS/MP844/2025-2026/233586,95.1,True,8.929749368196743,0.0,,,,no_imagery,47.6,0,
WS/MP334/2024-2025/140479,8.4,True,-0.5193903519599903,86.5,WS/MP826/2024-2025/135690,,,no_imagery,47.4,0,
WS/MP18249/2025-2026/153601,94.7,True,7.520710461053768,0.0,,,,no_imagery,47.4,0,
WS/MP888/2025-2026/207350,94.7,True,7.362422192482825,0.0,,,,no_imagery,47.4,0,
WS/MP165/2023-2024/95942,94.9,True,8.643376800858753,0.0,,,,no_imagery,47.4,0,
WS/MP888/2025-2026/207351,94.7,True,7.501113537791877,0.0,,,,no_imagery,47.4,0,
WS/MP18249/2025-2026/153603,94.7,True,7.520710461053768,0.0,,,,no_imagery,47.4,0,
WS/MP196/2026-2027/280061,94.6,True,8.420171110027315,0.0,,,,no_imagery,47.3,0,
WS/MP196/2025-2026/211500,94.6,True,8.425662407070414,0.0,,,,no_imagery,47.3,0,
WS/MP18070/2025-2026/166162,94.6,True,8.134425256839378,0.0,,,,no_imagery,47.3,0,
WS/MP18053/2025-2026/215505,94.5,True,11.022584254374085,0.0,,,,no_imagery,47.2,0,
WS/MP846/2026-2027/273995,94.5,True,10.495024084699603,0.0,,,,no_imagery,47.2,0,
WS/MP334/2024-2025/144866,8.4,True,-0.5193903519599903,86.1,WS/MP826/2024-2025/135688,,,no_imagery,47.2,0,
WS/MP201/2023-2024/35268,94.2,True,8.172424220175895,0.0,,,,no_imagery,47.1,0,
WS/MP334/2024-2025/144861,8.4,True,-0.5193903519599903,85.8,WS/MP826/2024-2025/135688,,,no_imagery,47.1,0,
WS/MP203/2024-2025/136216,94.2,True,7.878703680661326,0.0,,,,no_imagery,47.1,0,
WS/MP334/2024-2025/140555,8.4,True,-0.5193903519599903,85.8,WS/MP826/2024-2025/135688,,,no_imagery,47.1,0,
WS/MP18210/2025-2026/212736,94.2,True,7.81357434363853,0.0,,,,no_imagery,47.1,0,
WS/MP18210/2024-2025/154376,94.2,True,8.034503271186445,0.0,,,,no_imagery,47.1,0,
WS/MP18241/2025-2026/210661,94.2,True,8.167009545882236,0.0,,,,no_imagery,47.1,0,
WS/MP429/2024-2025/140687,4.5,True,-0.4586033994769232,89.5,WS/MP716/2024-2025/142657,,,no_imagery,47.0,0,
WS/MP18207/2025-2026/238655,94.0,True,7.666714073881245,0.0,,,,no_imagery,47.0,0,
WS/MP001/2025-2026/196983,93.9,True,11.38527181776647,0.0,,,,no_imagery,47.0,0,
WS/MP203/2025-2026/217604,94.0,True,7.692254990360773,0.0,,,,no_imagery,47.0,0,
WS/MP437/2025-2026/178453,93.9,True,16.627394084083683,0.0,,,,no_imagery,47.0,0,
WS/MP099/2024-2025/132665,93.8,True,8.022962954717606,0.0,,,,no_imagery,46.9,0,
WS/MP094/2025-2026/215265,93.8,True,8.093796027000563,0.0,,,,no_imagery,46.9,0,
WS/MP102/2025-2026/229641,93.8,True,8.093796027000563,0.0,,,,no_imagery,46.9,0,
WS/MP18437/2026-2027/242262,93.8,True,7.9215444920785725,0.0,,,,no_imagery,46.9,0,
WS/MP099/2025-2026/229253,93.8,True,8.093796027000563,0.0,,,,no_imagery,46.9,0,
WS/MP459/2025-2026/149089,93.8,True,8.295071284507868,0.0,,,,no_imagery,46.9,0,
WS/MP162/2023-2024/61773,93.7,True,7.530721167999045,0.0,,,,no_imagery,46.8,0,
WS/MP197/2024-2025/149134,93.7,True,7.3793787634865575,0.0,,,,no_imagery,46.8,0,
WS/MP18207/2024-2025/156029,93.7,True,7.254200816251656,0.0,,,,no_imagery,46.8,0,
WS/MP182/2023-2024/15726,93.7,True,7.2186682932453365,0.0,,,,no_imagery,46.8,0,
WS/MP839/2025-2026/222781,93.7,True,6.72780620186478,0.0,,,,no_imagery,46.8,0,
WS/MP182/2023-2024/15725,93.7,True,7.224335822612144,0.0,,,,no_imagery,46.8,0,
WS/MP203/2024-2025/162204,93.7,True,7.180236237695679,0.0,,,,no_imagery,46.8,0,
WS/MP18210/2025-2026/244721,93.4,True,7.05526453336135,0.0,,,,no_imagery,46.7,0,
WS/MP817/2025-2026/229414,93.4,True,7.012866612005333,0.0,,,,no_imagery,46.7,0,
WS/MP459/2025-2026/184578,93.4,True,6.800964114790683,0.0,,,,no_imagery,46.7,0,
WS/MP203/2023-2024/57459,93.4,True,6.632306956460369,0.0,,,,no_imagery,46.7,0,
WS/MP393/2025-2026/148981,93.4,True,6.800964114790683,0.0,,,,no_imagery,46.7,0,
WS/MP755/2025-2026/241554,93.4,True,6.800964114790683,0.0,,,,no_imagery,46.7,0,
WS/MP203/2024-2025/155319,93.4,True,6.632306956460369,0.0,,,,no_imagery,46.7,0,
WS/MP866/2026-2027/213686,93.4,True,6.784020939486091,0.0,,,,no_imagery,46.7,0,
WS/MP391/2025-2026/146422,93.4,True,6.800964114790683,0.0,,,,no_imagery,46.7,0,
WS/MP166/2025-2026/258718,93.4,True,6.800964114790683,0.0,,,,no_imagery,46.7,0,
WS/MP866/2025-2026/164830,93.4,True,6.800964114790683,0.0,,,,no_imagery,46.7,0,
WS/MP165/2025-2026/160096,93.4,True,6.800964114790683,0.0,,,,no_imagery,46.7,0,
WS/MP18241/2025-2026/174147,93.4,True,6.902079694160822,0.0,,,,no_imagery,46.7,0,
WS/MP166/2024-2025/112318,93.4,True,6.799576089230015,0.0,,,,no_imagery,46.7,0,
WS/MP166/2025-2026/188748,93.4,True,6.800964114790683,0.0,,,,no_imagery,46.7,0,
WS/MP391/2025-2026/211751,93.4,True,6.800964114790683,0.0,,,,no_imagery,46.7,0,
WS/MP166/2024-2025/129056,93.4,True,6.800964114790683,0.0,,,,no_imagery,46.7,0,
WS/MP866/2024-2025/152256,93.4,True,6.800964114790683,0.0,,,,no_imagery,46.7,0,
WS/MP18152/2024-2025/141176,1.8,True,-0.14458855132125703,91.2,WS/MP18067/2025-2026/134323,,,no_imagery,46.5,0,
WS/MP18152/2024-2025/141175,1.8,True,-0.14458855132125703,91.2,WS/MP18067/2025-2026/134323,,,no_imagery,46.5,0,
WS/MP18363/2024-2025/147432,93.0,True,6.513247256229415,0.0,,,,no_imagery,46.5,0,
WS/MP18152/2024-2025/141171,1.8,True,-0.14458855132125703,91.2,WS/MP18067/2025-2026/134323,,,no_imagery,46.5,0,
WS/MP18152/2024-2025/141170,1.8,True,-0.14458855132125703,91.2,WS/MP18067/2025-2026/134323,,,no_imagery,46.5,0,
WS/MP18152/2024-2025/141178,1.8,True,-0.14458855132125703,91.2,WS/MP18067/2025-2026/134323,,,no_imagery,46.5,0,
WS/MP18152/2024-2025/141181,1.8,True,-0.14458855132125703,91.2,WS/MP18067/2025-2026/134323,,,no_imagery,46.5,0,
WS/MP18152/2024-2025/141172,1.8,True,-0.14458855132125703,91.2,WS/MP18067/2025-2026/134323,,,no_imagery,46.5,0,
WS/MP18152/2024-2025/141180,1.8,True,-0.14458855132125703,91.2,WS/MP18067/2025-2026/134323,,,no_imagery,46.5,0,
WS/MP18152/2024-2025/141166,1.8,True,-0.14458855132125703,91.2,WS/MP18067/2025-2026/134323,,,no_imagery,46.5,0,
WS/MP18152/2024-2025/141173,1.8,True,-0.14458855132125703,91.2,WS/MP18067/2025-2026/134323,,,no_imagery,46.5,0,
WS/MP18152/2024-2025/141168,1.8,True,-0.14458855132125703,91.2,WS/MP18067/2025-2026/134323,,,no_imagery,46.5,0,
WS/MP18152/2024-2025/141174,1.8,True,-0.14458855132125703,91.2,WS/MP18067/2025-2026/134323,,,no_imagery,46.5,0,
WS/MP201/2026-2027/285918,93.0,True,6.474464092616888,0.0,,,,no_imagery,46.5,0,
WS/MP18152/2024-2025/141182,1.8,True,-0.14458855132125703,91.2,WS/MP18067/2025-2026/134323,,,no_imagery,46.5,0,
WS/MP18152/2024-2025/141169,1.8,True,-0.14458855132125703,91.2,WS/MP18067/2025-2026/134323,,,no_imagery,46.5,0,
WS/MP18152/2024-2025/141167,1.8,True,-0.14458855132125703,91.2,WS/MP18067/2025-2026/134323,,,no_imagery,46.5,0,
WS/MP18152/2024-2025/141179,1.8,True,-0.14458855132125703,91.2,WS/MP18067/2025-2026/134323,,,no_imagery,46.5,0,
WS/MP18152/2024-2025/140065,1.8,True,-0.14458855132125703,91.2,WS/MP18067/2025-2026/134323,,,no_imagery,46.5,0,
WS/MP18152/2024-2025/141193,1.8,True,-0.14458855132125703,91.2,WS/MP18067/2025-2026/134323,,,no_imagery,46.5,0,
WS/MP18210/2025-2026/216110,93.0,True,6.494066746014925,0.0,,,,no_imagery,46.5,0,
WS/MP18152/2024-2025/141177,1.8,True,-0.14458855132125703,91.2,WS/MP18067/2025-2026/134323,,,no_imagery,46.5,0,
WS/MP18427/2025-2026/208561,93.0,True,8.40282953904187,0.0,,,,no_imagery,46.5,0,
WS/MP078/2025-2026/199275,92.7,True,14.50001997280061,0.0,,,,no_imagery,46.4,0,
WS/MP141/2023-2024/77717,92.7,True,8.0721828787169,0.0,,,,no_imagery,46.4,0,
WS/MP843/2024-2025/151554,92.7,True,8.060526396764079,0.0,,,,no_imagery,46.4,0,
WS/MP18152/2024-2025/137620,1.5,True,-0.23903419994238526,91.4,WS/MP18067/2025-2026/134323,,,no_imagery,46.4,0,
WS/MP18233/2025-2026/218164,92.6,True,6.307698509601282,0.0,,,,no_imagery,46.3,0,
WS/MP844/2025-2026/221107,92.6,True,7.848157800187583,0.0,,,,no_imagery,46.3,0,
WS/MP18037/2025-2026/212156,92.4,True,9.505906412321474,0.0,,,,no_imagery,46.2,0,
WS/MP429/2024-2025/140684,4.5,True,-0.458528718225435,88.0,WS/MP716/2024-2025/142657,,,no_imagery,46.2,0,
WS/MP187/2025-2026/194545,92.1,True,6.1265834011845675,0.0,,,,no_imagery,46.0,0,
WS/MP353/2025-2026/183379,92.1,True,6.946671327680514,0.0,,,,no_imagery,46.0,0,
WS/MP18290/2024-2025/142742,92.0,True,7.324567416367725,0.0,,,,no_imagery,46.0,0,
WS/MP844/2025-2026/244101,92.0,True,7.577287679942188,0.0,,,,no_imagery,46.0,0,
WS/MP18009/2024-2025/157138,92.0,True,7.389255079437353,0.0,,,,no_imagery,46.0,0,
WS/MP18385/2025-2026/198850,92.0,True,13.571795565576876,0.0,,,,no_imagery,46.0,0,
WS/MP032/2025-2026/190649,92.0,True,7.389255079437353,0.0,,,,no_imagery,46.0,0,
WS/MP18343/2025-2026/179124,92.0,True,7.389255079437353,0.0,,,,no_imagery,46.0,0,
WS/MP18009/2024-2025/154261,91.8,True,7.352010272344725,0.0,,,,no_imagery,45.9,0,
WS/MP18242/2025-2026/156951,91.5,True,6.069129748086781,0.0,,,,no_imagery,45.8,0,
WS/MP18242/2024-2025/156952,91.5,True,6.054418180194573,0.0,,,,no_imagery,45.8,0,
WS/MP18120/2025-2026/174636,91.5,True,7.25953109227498,0.0,,,,no_imagery,45.8,0,
WS/MP233/2024-2025/133818,91.7,True,5.380763044269786,0.0,,,,no_imagery,45.8,0,
WS/MP18363/2025-2026/253467,91.1,True,5.851697406696297,0.0,,,,no_imagery,45.6,0,
WS/MP18290/2025-2026/224958,91.1,True,6.7972572709702295,0.0,,,,no_imagery,45.6,0,
WS/MP18242/2024-2025/156949,91.2,True,5.9114605624753604,0.0,,,,no_imagery,45.6,0,
WS/MP18296/2024-2025/155197,91.2,True,6.01627810097039,0.0,,,,no_imagery,45.6,0,
WS/MP042/2025-2026/150373,91.1,True,8.823132009633692,0.0,,,,no_imagery,45.6,0,
WS/MP198/2025-2026/176271,91.2,True,5.9458820556148195,0.0,,,,no_imagery,45.6,0,
WS/MP198/2024-2025/176270,91.1,True,5.853288571101587,0.0,,,,no_imagery,45.6,0,
WS/MP494/2024-2025/137029,4.4,True,-0.05103957170810062,86.7,WS/MP18253/2024-2025/140133,,,no_imagery,45.6,0,
WS/MP18207/2025-2026/195449,91.2,True,5.921120137087918,0.0,,,,no_imagery,45.6,0,
WS/MP18242/2025-2026/240691,91.2,True,6.001613612418973,0.0,,,,no_imagery,45.6,0,
WS/MP879/2025-2026/240350,91.1,True,5.688482315890534,0.0,,,,no_imagery,45.6,0,
WS/MP18242/2024-2025/145618,91.2,True,5.91220252609909,0.0,,,,no_imagery,45.6,0,
WS/MP716/2024-2025/142657,1.5,True,-0.23903419994238526,89.5,WS/MP429/2024-2025/140687,,,no_imagery,45.5,0,
WS/MP188/2024-2025/87442,90.8,True,5.6841004321579,0.0,,,,no_imagery,45.4,0,
WS/MP826/2024-2025/135688,1.9,True,-0.12208961108359614,88.9,WS/MP334/2024-2025/139888,,,no_imagery,45.4,0,
WS/MP792/2025-2026/225863,90.8,True,5.739492294772876,0.0,,,,no_imagery,45.4,0,
WS/MP18159/2025-2026/176199,90.8,True,8.978209917139717,0.0,,,,no_imagery,45.4,0,
WS/MP429/2024-2025/140685,4.5,True,-0.45816900353076684,86.2,WS/MP716/2024-2025/142657,,,no_imagery,45.4,0,
WS/MP334/2024-2025/144859,4.9,True,-0.4541257745217617,85.9,WS/MP826/2024-2025/135688,,,no_imagery,45.4,0,
WS/MP429/2024-2025/140683,4.5,True,-0.4587179107292051,86.1,WS/MP716/2024-2025/142657,,,no_imagery,45.3,0,
WS/MP492/2025-2026/189846,90.3,True,5.52127708960091,0.0,,,,no_imagery,45.2,0,
WS/MP792/2025-2026/225857,90.3,True,5.513448798699935,0.0,,,,no_imagery,45.2,0,
WS/MP190/2025-2026/199173,90.3,True,5.5174459521289805,0.0,,,,no_imagery,45.2,0,
WS/MP196/2026-2027/285043,90.5,True,5.601730976511423,0.0,,,,no_imagery,45.2,0,
WS/MP826/2024-2025/135690,1.9,True,-0.12208961108359614,88.3,WS/MP334/2024-2025/139897,,,no_imagery,45.1,0,
WS/MP644/2025-2026/221011,89.9,True,8.340142128368763,0.0,,,,no_imagery,45.0,0,
WS/MP888/2025-2026/140058,90.0,True,5.090858942365514,0.0,,,,no_imagery,45.0,0,
WS/MP352/2025-2026/157751,89.9,True,6.269649342993931,0.0,,,,no_imagery,45.0,0,
WS/MP429/2024-2025/140682,4.5,True,-0.45816900353076684,85.5,WS/MP716/2024-2025/142657,,,no_imagery,45.0,0,
WS/MP165/2023-2024/95943,90.0,True,6.018360490989425,0.0,,,,no_imagery,45.0,0,
WS/MP334/2024-2025/144858,4.9,True,-0.4541257745217617,85.1,WS/MP826/2024-2025/135690,,,no_imagery,45.0,0,
WS/MP141/2026-2027/299029,89.8,True,6.32853486952552,0.0,,,,no_imagery,44.9,0,
WS/MP18374/2024-2025/150314,89.8,True,7.7415672614830715,0.0,,,,no_imagery,44.9,0,
WS/MP485/2024-2025/134330,3.7,True,-0.182261180082301,86.0,WS/MP18236/2024-2025/138942,,,no_imagery,44.8,0,
WS/MP183/2024-2025/133372,89.7,True,5.4318838819225626,0.0,,,,no_imagery,44.8,0,
WS/MP18382/2026-2027/220474,89.7,True,5.023503925175931,0.0,,,,no_imagery,44.8,0,
WS/MP18063/2025-2026/175040,89.6,True,8.552462425365169,0.0,,,,no_imagery,44.8,0,
WS/MP826/2024-2025/135570,3.4,True,-0.13521758997673672,86.2,WS/MP334/2024-2025/139341,,,no_imagery,44.8,0,
WS/MP762/2025-2026/200883,89.5,True,7.190875896839765,0.0,,,,no_imagery,44.8,0,
WS/MP762/2025-2026/200884,89.5,True,7.268798724936794,0.0,,,,no_imagery,44.8,0,
WS/MP18425/2026-2027/271353,89.4,True,8.463930787225543,0.0,,,,no_imagery,44.7,0,
WS/MP233/2025-2026/202323,89.4,True,4.419019224844449,0.0,,,,no_imagery,44.7,0,
WS/MP18290/2025-2026/224955,89.4,True,6.269947125572734,0.0,,,,no_imagery,44.7,0,
WS/MP18290/2025-2026/224957,89.4,True,6.269947125572734,0.0,,,,no_imagery,44.7,0,
WS/MP18001/2024-2025/163760,89.4,True,6.375680619832837,0.0,,,,no_imagery,44.7,0,
WS/MP18290/2025-2026/224956,89.4,True,6.269947125572734,0.0,,,,no_imagery,44.7,0,
WS/MP524/2025-2026/198737,89.4,True,6.375680619832837,0.0,,,,no_imagery,44.7,0,
WS/MP18290/2024-2025/142743,89.4,True,6.269947125572734,0.0,,,,no_imagery,44.7,0,
WS/MP356/2024-2025/137864,14.9,True,-0.5740472613094169,94.2,WS/MP317/2024-2025/145098,,,no_imagery,44.6,0,dampened_similarity
WS/MP334/2024-2025/140596,3.6,True,-0.2583320422070762,85.6,WS/MP826/2024-2025/135690,,,no_imagery,44.6,0,
WS/MP18198/2025-2026/193991,88.7,True,4.514066072128131,0.0,,,,no_imagery,44.4,0,
WS/MP18253/2024-2025/140133,2.1,True,-0.1221844601921837,86.7,WS/MP494/2024-2025/137029,,,no_imagery,44.4,0,
WS/MP478/2025-2026/210693,88.7,True,8.146561887971131,0.0,,,,no_imagery,44.4,0,
WS/MP719/2025-2026/151460,88.8,True,7.740150639986913,0.0,,,,no_imagery,44.4,0,
WS/MP183/2025-2026/194332,88.9,True,5.366116021987779,0.0,,,,no_imagery,44.4,0,
WS/MP18210/2025-2026/195532,88.9,True,5.384690014974603,0.0,,,,no_imagery,44.4,0,
WS/MP188/2026-2027/220191,88.9,True,5.368031590723743,0.0,,,,no_imagery,44.4,0,
WS/MP317/2024-2025/145371,88.6,True,7.140568492385734,0.0,,,,no_imagery,44.3,0,
WS/MP317/2024-2025/155040,88.6,True,7.074345822696221,0.0,,,,no_imagery,44.3,0,
WS/MP18165/2026-2027/218095,88.6,True,7.563285028965084,0.0,,,,no_imagery,44.3,0,
WS/MP146/2025-2026/196007,88.6,True,7.563285028965084,0.0,,,,no_imagery,44.3,0,
WS/MP18285/2025-2026/190484,88.6,True,7.510207659097434,0.0,,,,no_imagery,44.3,0,
WS/MP18033/2025-2026/169445,88.6,True,7.1402288889514285,0.0,,,,no_imagery,44.3,0,
WS/MP18316/2025-2026/166110,88.6,True,7.23355057324263,0.0,,,,no_imagery,44.3,0,
WS/MP148/2026-2027/254703,88.6,True,7.563285028965084,0.0,,,,no_imagery,44.3,0,
WS/MP104/2026-2027/252090,88.6,True,7.23355057324263,0.0,,,,no_imagery,44.3,0,
WS/MP104/2025-2026/218159,88.6,True,7.23355057324263,0.0,,,,no_imagery,44.3,0,
WS/MP18040/2024-2025/157800,88.6,True,7.140568492385734,0.0,,,,no_imagery,44.3,0,
WS/MP18058/2025-2026/161044,88.3,True,6.603527455007597,0.0,,,,no_imagery,44.2,0,
WS/MP18040/2024-2025/157358,88.5,True,7.106608148955215,0.0,,,,no_imagery,44.2,0,
WS/MP18040/2025-2026/184184,88.5,True,7.106608148955215,0.0,,,,no_imagery,44.2,0,
WS/MP18279/2025-2026/216827,88.5,True,3.7424481736220345,0.0,,,,no_imagery,44.2,0,
WS/MP18285/2024-2025/176063,88.4,True,7.315673173534524,0.0,,,,no_imagery,44.2,0,
WS/MP484/2025-2026/210691,88.2,True,4.385202739151259,0.0,,,,no_imagery,44.1,0,
WS/MP18198/2025-2026/235614,88.2,True,5.17583747126112,0.0,,,,no_imagery,44.1,0,
WS/MP762/2025-2026/200885,88.2,True,6.530046259267798,0.0,,,,no_imagery,44.1,0,
WS/MP18053/2025-2026/180157,88.2,True,6.681441600749093,0.0,,,,no_imagery,44.1,0,
WS/MP18353/2025-2026/242169,88.2,True,4.274418980320999,0.0,,,,no_imagery,44.1,0,
WS/MP18296/2025-2026/199843,88.2,True,5.17723926741619,0.0,,,,no_imagery,44.1,0,
WS/MP324/2025-2026/222829,88.2,True,6.681560255405064,0.0,,,,no_imagery,44.1,0,
WS/MP203/2023-2024/14681,88.2,True,5.230110641734293,0.0,,,,no_imagery,44.1,0,
WS/MP18055/2024-2025/173052,88.2,True,6.681560255405064,0.0,,,,no_imagery,44.1,0,
WS/MP585/2025-2026/182275,88.2,True,6.681560255405064,0.0,,,,no_imagery,44.1,0,
WS/MP18288/2024-2025/144148,88.2,True,6.681560255405064,0.0,,,,no_imagery,44.1,0,
WS/MP585/2025-2026/239127,88.2,True,6.681560255405064,0.0,,,,no_imagery,44.1,0,
WS/MP792/2025-2026/225865,88.2,True,5.183306912285558,0.0,,,,no_imagery,44.1,0,
WS/MP139/2025-2026/190119,88.0,True,4.208155256827505,0.0,,,,no_imagery,44.0,0,
WS/MP792/2024-2025/176431,87.9,True,5.1089394257721175,0.0,,,,no_imagery,44.0,0,
WS/MP18155/2024-2025/141711,1.5,True,-0.23903419994238526,86.6,WS/MP18391/2024-2025/140318,,,no_imagery,44.0,0,
WS/MP18363/2024-2025/147435,87.9,True,5.099789528934264,0.0,,,,no_imagery,44.0,0,
WS/MP417/2025-2026/227989,88.0,True,6.7998698370048976,0.0,,,,no_imagery,44.0,0,
WS/MP879/2025-2026/213910,87.9,True,5.151655645164265,0.0,,,,no_imagery,44.0,0,
WS/MP417/2025-2026/180435,88.0,True,6.7998698370048976,0.0,,,,no_imagery,44.0,0,
WS/MP826/2025-2026/135684,1.9,True,-0.12208961108359614,85.9,WS/MP334/2024-2025/139490,,,no_imagery,43.9,0,
WS/MP204/2025-2026/242795,87.5,True,7.22395822444215,0.0,,,,no_imagery,43.8,0,
WS/MP844/2025-2026/237919,87.7,True,6.073712953893827,0.0,,,,no_imagery,43.8,0,
WS/MP826/2024-2025/135687,1.9,True,-0.12208961108359614,85.7,WS/MP334/2024-2025/139897,,,no_imagery,43.8,0,
WS/MP196/2025-2026/201343,87.4,True,4.981086706058897,0.0,,,,no_imagery,43.7,0,
WS/MP188/2025-2026/112671,87.4,True,4.995134210122638,0.0,,,,no_imagery,43.7,0,
WS/MP826/2024-2025/135700,1.9,True,-0.12208961108359614,85.4,WS/MP334/2024-2025/143406,,,no_imagery,43.7,0,
WS/MP183/2025-2026/181183,87.4,True,5.048770134729645,0.0,,,,no_imagery,43.7,0,
WS/MP18285/2024-2025/156279,87.1,True,6.678956973855939,0.0,,,,no_imagery,43.6,0,
WS/MP18297/2026-2027/259024,87.1,True,6.600465925972382,0.0,,,,no_imagery,43.6,0,
WS/MP18290/2025-2026/229726,87.1,True,5.742636980175238,0.0,,,,no_imagery,43.6,0,
WS/MP840/2024-2025/105499,87.1,True,5.868893390030578,0.0,,,,no_imagery,43.6,0,
WS/MP728/2025-2026/197684,87.1,True,6.678956973855939,0.0,,,,no_imagery,43.6,0,
WS/MP18363/2024-2025/147459,87.0,True,4.791281403981258,0.0,,,,no_imagery,43.5,0,
WS/MP201/2025-2026/238283,87.0,True,4.7665430076308635,0.0,,,,no_imagery,43.5,0,
WS/MP18296/2025-2026/226487,87.0,True,4.789990575006559,0.0,,,,no_imagery,43.5,0,
WS/MP18241/2025-2026/174146,87.0,True,4.885870807946129,0.0,,,,no_imagery,43.5,0,
WS/MP201/2025-2026/238287,87.0,True,4.7665430076308635,0.0,,,,no_imagery,43.5,0,
WS/MP183/2025-2026/217034,87.0,True,4.729508678735548,0.0,,,,no_imagery,43.5,0,
WS/MP18198/2025-2026/210408,87.0,True,4.785085712995,0.0,,,,no_imagery,43.5,0,
WS/MP18019/2025-2026/206785,86.8,True,6.254072897272121,0.0,,,,no_imagery,43.4,0,
WS/MP18388/2025-2026/184093,86.8,True,6.364838849874806,0.0,,,,no_imagery,43.4,0,
WS/MP107/2025-2026/228244,86.8,True,6.481471761424556,0.0,,,,no_imagery,43.4,0,
WS/MP18370/2024-2025/155524,86.7,True,3.7198390492028888,0.0,,,,no_imagery,43.4,0,
WS/MP846/2025-2026/198244,86.8,True,6.364838849874806,0.0,,,,no_imagery,43.4,0,
WS/MP846/2026-2027/196064,86.8,True,6.364838849874806,0.0,,,,no_imagery,43.4,0,
WS/MP071/2024-2025/157669,86.8,True,6.254072897272121,0.0,,,,no_imagery,43.4,0,
WS/MP073/2026-2027/243464,86.8,True,6.254072897272121,0.0,,,,no_imagery,43.4,0,
WS/MP18006/2025-2026/242876,86.9,True,5.666178498109675,0.0,,,,no_imagery,43.4,0,
WS/MP18192/2025-2026/226250,86.8,True,6.364838849874806,0.0,,,,no_imagery,43.4,0,
WS/MP071/2025-2026/184476,86.8,True,6.254072897272121,0.0,,,,no_imagery,43.4,0,
WS/MP071/2025-2026/157993,86.8,True,6.254072897272121,0.0,,,,no_imagery,43.4,0,
WS/MP846/2024-2025/122722,86.8,True,6.364838849874806,0.0,,,,no_imagery,43.4,0,
WS/MP071/2025-2026/157666,86.8,True,6.254072897272121,0.0,,,,no_imagery,43.4,0,
WS/MP071/2025-2026/157687,86.8,True,6.254072897272121,0.0,,,,no_imagery,43.4,0,
WS/MP071/2025-2026/162670,86.8,True,6.254072897272121,0.0,,,,no_imagery,43.4,0,
WS/MP171/2025-2026/205269,86.9,True,6.227166008713979,0.0,,,,no_imagery,43.4,0,
WS/MP18192/2025-2026/209845,86.8,True,6.364838849874806,0.0,,,,no_imagery,43.4,0,
WS/MP18029/2025-2026/208461,86.8,True,6.254072897272121,0.0,,,,no_imagery,43.4,0,
WS/MP18402/2025-2026/227162,86.6,True,7.126820680238708,0.0,,,,no_imagery,43.3,0,
WS/MP165/2025-2026/254200,86.6,True,5.08274086961592,0.0,,,,no_imagery,43.3,0,
WS/MP866/2025-2026/213688,86.6,True,4.933330152644201,0.0,,,,no_imagery,43.3,0,
WS/MP163/2025-2026/231559,86.6,True,4.933330152644201,0.0,,,,no_imagery,43.3,0,
WS/MP18197/2025-2026/194520,86.4,True,3.803563777966041,0.0,,,,no_imagery,43.2,0,
WS/MP18197/2025-2026/177536,86.4,True,3.8849760271342357,0.0,,,,no_imagery,43.2,0,
WS/MP18273/2025-2026/220280,86.4,True,3.601325808675632,0.0,,,,no_imagery,43.2,0,
WS/MP18202/2025-2026/220829,86.3,True,4.633730241937319,0.0,,,,no_imagery,43.2,0,
WS/MP18277/2025-2026/149810,86.4,True,3.601325808675632,0.0,,,,no_imagery,43.2,0,
WS/MP18200/2025-2026/203486,86.3,True,4.671045520913909,0.0,,,,no_imagery,43.2,0,
WS/MP18180/2025-2026/184783,86.3,True,4.7092140771866235,0.0,,,,no_imagery,43.2,0,
WS/MP888/2025-2026/140127,86.4,True,3.5915273470446865,0.0,,,,no_imagery,43.2,0,
WS/MP166/2024-2025/125561,86.3,True,4.7467281200038824,0.0,,,,no_imagery,43.2,0,
WS/MP827/2025-2026/194318,86.4,True,3.591930259786951,0.0,,,,no_imagery,43.2,0,
WS/MP484/2024-2025/150090,86.4,True,3.601325808675632,0.0,,,,no_imagery,43.2,0,
WS/MP139/2025-2026/158705,86.4,True,3.595311870057964,0.0,,,,no_imagery,43.2,0,
WS/MP140/2023-2024/7438,86.4,True,5.543207967763005,0.0,,,,no_imagery,43.2,0,
WS/MP888/2026-2027/251789,86.4,True,3.5425522841824306,0.0,,,,no_imagery,43.2,0,
WS/MP139/2025-2026/152306,86.2,True,3.361402180451269,0.0,,,,no_imagery,43.1,0,
WS/MP878/2026-2027/266838,86.2,True,4.5473743779473255,0.0,,,,no_imagery,43.1,0,
WS/MP196/2025-2026/241204,85.9,True,4.535397713491137,0.0,,,,no_imagery,43.0,0,
WS/MP18276/2025-2026/239295,86.0,True,6.197680780319985,0.0,,,,no_imagery,43.0,0,
WS/MP18399/2025-2026/212607,85.9,True,4.482159280976529,0.0,,,,no_imagery,43.0,0,
WS/MP18236/2024-2025/138942,0.0,True,-0.22303146475832883,86.0,WS/MP485/2024-2025/134330,,,no_imagery,43.0,0,
WS/MP838/2025-2026/216511,85.9,True,4.4995540556993365,0.0,,,,no_imagery,43.0,0,
WS/MP18391/2025-2026/193451,86.0,True,2.9764034957064442,0.0,,,,no_imagery,43.0,0,
WS/MP18197/2025-2026/221826,86.1,True,3.251206857082797,0.0,,,,no_imagery,43.0,0,
WS/MP18370/2025-2026/229508,86.1,True,3.272407436886315,0.0,,,,no_imagery,43.0,0,
WS/MP198/2023-2024/56888,85.9,True,4.500268736965195,0.0,,,,no_imagery,43.0,0,
WS/MP18299/2026-2027/262908,85.9,True,5.1255034026448545,0.0,,,,no_imagery,43.0,0,
WS/MP18009/2025-2026/227344,85.5,True,5.362106160228319,0.0,,,,no_imagery,42.8,0,
WS/MP18290/2025-2026/176897,85.6,True,5.426250892936741,0.0,,,,no_imagery,42.8,0,
WS/MP522/2025-2026/169792,85.5,True,5.362106160228319,0.0,,,,no_imagery,42.8,0,
WS/MP892/2025-2026/196875,85.5,True,5.892123102093682,0.0,,,,no_imagery,42.8,0,
WS/MP18421/2026-2027/225730,85.5,True,6.027904523608147,0.0,,,,no_imagery,42.8,0,
WS/MP18290/2025-2026/176899,85.6,True,5.426250892936741,0.0,,,,no_imagery,42.8,0,
WS/MP600/2025-2026/203045,85.7,True,4.187999050497818,0.0,,,,no_imagery,42.8,0,
WS/MP199/2025-2026/198845,85.5,True,5.773557610165947,0.0,,,,no_imagery,42.8,0,
WS/MP18010/2024-2025/182174,85.5,True,5.362106160228319,0.0,,,,no_imagery,42.8,0,
WS/MP18001/2025-2026/231995,85.5,True,5.362106160228319,0.0,,,,no_imagery,42.8,0,
WS/MP18309/2025-2026/229128,85.7,True,6.113721906498383,0.0,,,,no_imagery,42.8,0,
WS/MP18343/2025-2026/179123,85.5,True,5.362106160228319,0.0,,,,no_imagery,42.8,0,
WS/MP196/2025-2026/208469,85.4,True,4.410247222741451,0.0,,,,no_imagery,42.7,0,
WS/MP827/2025-2026/194319,85.4,True,3.299940806446363,0.0,,,,no_imagery,42.7,0,
WS/MP181/2026-2027/207135,85.3,True,4.288608608007699,0.0,,,,no_imagery,42.6,0,
WS/MP18385/2025-2026/200585,85.2,True,8.42365746610027,0.0,,,,no_imagery,42.6,0,
WS/MP182/2025-2026/190032,85.3,True,4.262109907160189,0.0,,,,no_imagery,42.6,0,
WS/MP18200/2025-2026/228661,85.3,True,4.2186903491449925,0.0,,,,no_imagery,42.6,0,
WS/MP203/2025-2026/238277,85.0,True,4.1727166994818425,0.0,,,,no_imagery,42.5,0,
WS/MP817/2025-2026/229420,85.0,True,4.186700351254384,0.0,,,,no_imagery,42.5,0,
WS/MP078/2023-2024/13427,84.8,True,8.438079613299776,0.0,,,,no_imagery,42.4,0,
WS/MP078/2023-2024/38523,84.8,True,8.433263587957825,0.0,,,,no_imagery,42.4,0,
WS/MP892/2024-2025/80292,84.6,True,6.048950063075307,0.0,,,,no_imagery,42.3,0,
WS/MP108/2025-2026/175375,84.4,True,5.109864805698244,0.0,,,,no_imagery,42.2,0,
WS/MP846/2024-2025/142696,84.4,True,5.75495229371758,0.0,,,,no_imagery,42.2,0,
WS/MP182/2025-2026/244468,84.5,True,4.164415901625996,0.0,,,,no_imagery,42.2,0,
WS/MP134/2026-2027/211659,84.5,True,5.216115648428849,0.0,,,,no_imagery,42.2,0,
WS/MP095/2024-2025/133317,84.2,True,4.625836551702784,0.0,,,,no_imagery,42.1,0,
WS/MP183/2025-2026/263872,84.1,True,4.089708720923377,0.0,,,,no_imagery,42.0,0,
WS/MP18230/2025-2026/166818,84.1,True,4.103133665147928,0.0,,,,no_imagery,42.0,0,
WS/MP071/2026-2027/168285,83.9,True,5.526871578933914,0.0,,,,no_imagery,42.0,0,
WS/MP183/2023-2024/119974,84.1,True,4.085081345380199,0.0,,,,no_imagery,42.0,0,
WS/MP18217/2025-2026/197245,84.1,True,4.089070198011389,0.0,,,,no_imagery,42.0,0,
WS/MP18217/2025-2026/197963,84.1,True,4.089708720923377,0.0,,,,no_imagery,42.0,0,
WS/MP18431/2025-2026/249769,83.9,True,5.526871578933914,0.0,,,,no_imagery,42.0,0,
WS/MP831/2026-2027/244806,83.9,True,5.526871578933914,0.0,,,,no_imagery,42.0,0,
WS/MP014/2025-2026/222175,83.8,True,4.31607115172611,0.0,,,,no_imagery,41.9,0,
WS/MP014/2025-2026/222174,83.8,True,4.335687284757327,0.0,,,,no_imagery,41.9,0,
WS/MP102/2026-2027/283773,83.8,True,4.530467666132095,0.0,,,,no_imagery,41.9,0,
WS/MP18285/2025-2026/247056,83.7,True,5.936121407564258,0.0,,,,no_imagery,41.8,0,
WS/MP792/2025-2026/225860,83.7,True,4.0709106063944445,0.0,,,,no_imagery,41.8,0,
WS/MP196/2025-2026/227627,83.7,True,4.059059621147943,0.0,,,,no_imagery,41.8,0,
WS/MP18169/2026-2027/229775,83.6,True,5.7946289187467945,0.0,,,,no_imagery,41.8,0,
WS/MP165/2025-2026/213230,83.6,True,4.186276567785609,0.0,,,,no_imagery,41.8,0,
WS/MP196/2024-2025/173988,83.7,True,4.059059621147943,0.0,,,,no_imagery,41.8,0,
WS/MP166/2025-2026/236555,83.6,True,4.186276567785609,0.0,,,,no_imagery,41.8,0,
WS/MP18288/2025-2026/174593,83.7,True,5.567364095669682,0.0,,,,no_imagery,41.8,0,
WS/MP888/2025-2026/150711,83.4,True,3.0596221687319365,0.0,,,,no_imagery,41.7,0,
WS/MP134/2026-2027/268119,83.2,True,4.98173833218055,0.0,,,,no_imagery,41.6,0,
WS/MP18145/2026-2027/230528,83.3,True,4.744454082194143,0.0,,,,no_imagery,41.6,0,
WS/MP18363/2026-2027/220694,83.0,True,4.757432505769181,0.0,,,,no_imagery,41.5,0,
WS/MP834/2026-2027/287989,83.0,True,4.757432505769181,0.0,,,,no_imagery,41.5,0,
WS/MP18337/2025-2026/156920,82.7,True,4.646688733513332,0.0,,,,no_imagery,41.4,0,
WS/MP18099/2025-2026/176443,82.7,True,4.65033539909852,0.0,,,,no_imagery,41.4,0,
WS/MP134/2024-2025/155565,82.7,True,4.644015077459326,0.0,,,,no_imagery,41.4,0,
WS/MP18427/2025-2026/238943,82.8,True,4.601925315524932,0.0,,,,no_imagery,41.4,0,
WS/MP18226/2024-2025/170172,82.7,True,3.9624574897932496,0.0,,,,no_imagery,41.4,0,
WS/MP839/2025-2026/266612,82.8,True,3.6665070160883975,0.0,,,,no_imagery,41.4,0,
WS/MP18329/2025-2026/136775,82.5,True,4.192341617290562,0.0,,,,no_imagery,41.2,0,
WS/MP165/2025-2026/227724,82.4,True,4.03686585081389,0.0,,,,no_imagery,41.2,0,
WS/MP887/2025-2026/207251,82.4,True,3.949842192621099,0.0,,,,no_imagery,41.2,0,
WS/MP094/2025-2026/159371,82.5,True,4.192341617290562,0.0,,,,no_imagery,41.2,0,
WS/MP233/2023-2024/56789,82.2,True,1.8944416988529404,0.0,,,,no_imagery,41.1,0,
WS/MP352/2025-2026/194213,81.9,True,4.105642630408117,0.0,,,,no_imagery,41.0,0,
WS/MP888/2025-2026/179982,82.0,True,2.9136231307385247,0.0,,,,no_imagery,41.0,0,
WS/MP887/2023-2024/105224,82.1,True,3.792157043936878,0.0,,,,no_imagery,41.0,0,
WS/MP18371/2025-2026/237932,82.1,True,2.4222873734848247,0.0,,,,no_imagery,41.0,0,
